,~,,,,,00:00:00
,~,,,,,00:00:00
10:00:00,~,18:30:00,実装(topjson生成バッチ作成),,,07:30:00
10:00:00,~,18:30:00,実装(topjson生成バッチ作成),,,07:30:00
10:00:00,~,18:30:00,実装(topjson生成バッチ作成),,,07:30:00
10:00:00,~,18:30:00,実装(topjson生成バッチ作成),,,07:30:00
10:00:00,~,18:30:00,実装(topjson生成バッチ作成),,,07:30:00
,~,,,,,00:00:00
,~,,,,,00:00:00
10:00:00,~,18:30:00,実装(topjson生成バッチ作成),,,07:30:00
10:00:00,~,18:30:00,実装(topjson生成バッチ作成),,,07:30:00
10:00:00,~,18:30:00,実装(topjson生成バッチ作成),,,07:30:00
10:00:00,~,18:30:00,実装(topjson生成バッチ作成),,,07:30:00
10:00:00,~,18:30:00,実装(topjson生成バッチ作成),,,07:30:00
,~,,,,,00:00:00
,~,,,,,00:00:00
10:00:00,~,18:30:00,実装(topjson生成バッチ作成),,,07:30:00
10:00:00,~,18:30:00,実装(topjson生成バッチ作成),,,07:30:00
10:00:00,~,18:30:00,実装(topjson生成バッチ作成),,,07:30:00
10:00:00,~,18:30:00,実装(topjson生成バッチ作成),,,07:30:00
10:00:00,~,18:30:00,実装(topjson生成バッチ作成),,,07:30:00
,~,,,,,00:00:00
,~,,,,,00:00:00
10:00:00,~,18:30:00,実装(topjson生成バッチ作成),,,07:30:00
10:00:00,~,18:30:00,実装(topjson生成バッチ作成),,,07:30:00
,~,,祝日,,,00:00:00
,~,,祝日,,,00:00:00
,~,,,,,00:00:00
,~,,,,,00:00:00
